<?xml version="1.0" encoding="UTF-8"?>
<project-private xmlns="http://www.netbeans.org/ns/project-private/1">
    <editor-bookmarks xmlns="http://www.netbeans.org/ns/editor-bookmarks/2" lastBookmarkId="0"/>
    <open-files xmlns="http://www.netbeans.org/ns/projectui-open-files/2">
        <group>
            <file>file:/C:/Users/WBES_/OneDrive/Documents/NetBeansProjects/ListaDeCompras/src/Control/ControladorComboArrayList.java</file>
            <file>file:/C:/Users/WBES_/OneDrive/Documents/NetBeansProjects/ListaDeCompras/src/listadecompras/ListaDeCompras.java</file>
            <file>file:/C:/Users/WBES_/OneDrive/Documents/NetBeansProjects/ListaDeCompras/src/Modelo/ComboArrayList.java</file>
            <file>file:/C:/Users/WBES_/OneDrive/Documents/NetBeansProjects/ListaDeCompras/src/Modelo/InformacionCombo.java</file>
            <file>file:/C:/Users/WBES_/OneDrive/Documents/NetBeansProjects/ListaDeCompras/src/Vista/FormularioComboArrayList.java</file>
        </group>
    </open-files>
</project-private>
